[{"contentProviders":[],"metadata":[],"broadcastReceivers":[],"broadcastReceiver":[],"libraries":[],"services":[],"type":"edu.mit.appinventor.ble.BluetoothLE","androidMinSdk":["7"],"activityMetadata":[],"queries":[],"assets":[],"native":[],"permissions":["android.permission.BLUETOOTH_ADMIN","android.permission.BLUETOOTH"],"activities":[],"conditionals":{"permissionConstraints":{"NoLocationNeeded":{"android.permission.BLUETOOTH_SCAN":{"usesPermissionFlags":"neverForLocation"}}},"contentProviders":{},"permissions":{"ScanForService":["android.permission.ACCESS_FINE_LOCATION","android.permission.BLUETOOTH_CONNECT","android.permission.BLUETOOTH_SCAN"],"ScanAdvertisements":["android.permission.ACCESS_FINE_LOCATION","android.permission.BLUETOOTH_CONNECT","android.permission.BLUETOOTH_SCAN"],"Connect":["android.permission.BLUETOOTH_CONNECT"],"ConnectedDeviceName":["android.permission.BLUETOOTH_CONNECT"],"DeviceList":["android.permission.BLUETOOTH_CONNECT"],"ScanForDevice":["android.permission.ACCESS_FINE_LOCATION","android.permission.BLUETOOTH_CONNECT","android.permission.BLUETOOTH_SCAN"],"NoLocationNeeded":["android.permission.BLUETOOTH_SCAN"],"StartAdvertising":["android.permission.BLUETOOTH_ADVERTISE","android.permission.BLUETOOTH_CONNECT"],"FoundDeviceName":["android.permission.BLUETOOTH_CONNECT"],"ConnectToDeviceType":["android.permission.BLUETOOTH_CONNECT","android.permission.BLUETOOTH_SCAN"],"StartScanning":["android.permission.ACCESS_FINE_LOCATION","android.permission.BLUETOOTH_CONNECT","android.permission.BLUETOOTH_SCAN"],"ConnectToDeviceWithServiceAndName":["android.permission.BLUETOOTH_CONNECT","android.permission.BLUETOOTH_SCAN"],"ConnectWithAddress":["android.permission.BLUETOOTH_CONNECT"]},"broadcastReceivers":{},"services":{},"queries":{}}}]